{
	"ambientocclusion": false,
	"textures": {
        "particle": "minecraft:block/blank",
		"stage_3_top": "block/pitcher_crop_top_stage_3"
	},
	"elements": [
		{
			"name": "pitcher_crop_top_stage_3",
			"from": [0, 0, 8],
			"to": [16, 16, 8],
			"shade": false,
			"rotation": {"angle": 45, "axis": "y", "origin": [8, 16, 8]},
			"faces": {
				"north": {"uv": [0, 0, 16, 16], "texture": "#stage_3_top"},
				"south": {"uv": [0, 0, 16, 16], "texture": "#stage_3_top"}
			}
		},
		{
			"name": "pitcher_crop_top_stage_3",
			"from": [0, 0, 8],
			"to": [16, 16, 8],
			"shade": false,
			"rotation": {"angle": -45, "axis": "y", "origin": [8, 16, 8]},
			"faces": {
				"north": {"uv": [0, 0, 16, 16], "texture": "#stage_3_top"},
				"south": {"uv": [0, 0, 16, 16], "texture": "#stage_3_top"}
			}
		}
	]
}
